{
    "average bleurt score": [
      0.10134611477454504,
      0.2326765055457751
    ],
    "rougeL score": [
      0.0,
      0.0
    ]
}
