{
    "average bleurt score": [
      0.23383626292149226,
      0.34525843262672423
    ],
    "rougeL score": [
      0.0,
      0.0
    ]
  }