{
    "average bleurt score": [
      0.3970110724369685,
      0.3967326482137044
    ],
    "rougeL score": [
      0.0,
      0.0
    ]
}
