{
    "average bleurt score": [
      0.36907321015993755,
      0.40644346475601195
    ],
    "rougeL score": [
      0.06666666666666667,
      0.06666666666666667
    ]
  }