{
    "average bleurt score": [
      0.20555195013682048,
      0.3433394278089205
    ],
    "rougeL score": [
      0.0,
      0.0
    ]
  }