{
    "average bleurt score": [
      0.2406945397456487,
      0.19246072918176652
    ],
    "rougeL score": [
      0.10151515151515152,
      0.12494949494949494
    ]
  }