{
    "average bleurt score": [
      0.39325592915217084,
      0.3843597133954366
    ],
    "rougeL score": [
      0.21946636119750199,
      0.16255356591511552
    ]
  }