{
    "average bleurt score": [
      0.41279411713282266,
      0.3984993229309718
    ],
    "rougeL score": [
      0.21096380165913914,
      0.20950447191860244
    ]
  }