{
    "average bleurt score": [
      0.40021708806355794,
      0.4426595509052277
    ],
    "rougeL score": [
      0.19362758811304231,
      0.239866546685832
    ]
  }