{
    "average bleurt score": [
      0.21405681769053142,
      0.2480128397544225
    ],
    "rougeL score": [
      0.13345413062396824,
      0.11866033550710456
    ]
  }