{
    "average bleurt score": [
      0.24003464231888452,
      0.3321815773844719
    ],
    "rougeL score": [
      0.0,
      0.0
    ]
  }