{
    "average bleurt score": [
      0.24097863783439,
      0.3923925335208575
    ],
    "rougeL score": [
      0.0,
      0.0
    ]
  }