{
    "average bleurt score": [
      0.29858889132738115,
      0.34542474945386253
    ],
    "rougeL score": [
      0.18716049382716055,
      0.2358024691358025
    ]
  }