{
    "average bleurt score": [
      0.3643951793511709,
      0.3237942566474279
    ],
    "rougeL score": [
      0.10666666666666666,
      0.07906976744186046
    ]
  }