{
    "average bleurt score": [
      0.31855593919754027,
      0.3312659353017807
    ],
    "rougeL score": [
      0.1746031746031746,
      0.1746031746031746
    ]
  }