{
    "average bleurt score": [
      0.35493600567181904,
      0.3842142462730408
    ],
    "rougeL score": [
      0.09333333333333332,
      0.14814814814814817
    ]
  }