{
    "average bleurt score": [
      0.47453758170207344,
      0.43036005944013594
    ],
    "rougeL score": [
      0.21481481481481482,
      0.18617886178861787
    ]
  }