{
    "average bleurt score": [
      0.3536880309383074,
      0.2960237075885137
    ],
    "rougeL score": [
      0.19777777777777775,
      0.18666666666666665
    ]
  }