{
    "average bleurt score": [
      0.45815543780724205,
      0.3703561728199323
    ],
    "rougeL score": [
      0.16666666666666666,
      0.18333333333333332
    ]
  }