{
    "average bleurt score": [
      0.44849758545557655,
      0.4155379076798757
    ],
    "rougeL score": [
      0.1709090909090909,
      0.16
    ]
  }