{
    "average bleurt score": [
      0.492799286544323,
      0.42230310489734013
    ],
    "rougeL score": [
      0.24730158730158727,
      0.26174216027874564
    ]
  }