{
    "average bleurt score": [
      0.2754713555177053,
      0.27451851616303125
    ],
    "rougeL score": [
      0.03333333333333333,
      0.022222222222222223
    ]
  }