{
    "average bleurt score": [
      0.5956566631793976,
      0.5352835992972056
    ],
    "rougeL score": [
      0.4941798941798942,
      0.4578835978835979
    ]
  }