{
    "average bleurt score": [
      0.3879198988278707,
      0.2781144658724467
    ],
    "rougeL score": [
      0.03321123321123321,
      0.1
    ]
  }