{
    "average bleurt score": [
      0.3348255256811778,
      0.2911371226112048
    ],
    "rougeL score": [
      0.1259259259259259,
      0.17777777777777776
    ]
  }