{
    "average bleurt score": [
      0.4382581745584806,
      0.370545686284701
    ],
    "rougeL score": [
      0.15714285714285714,
      0.12833333333333335
    ]
  }