{
    "average bleurt score": [
      0.3088609983523687,
      0.34854114303986233
    ],
    "rougeL score": [
      0.10731990231990231,
      0.21015169041484832
    ]
  }