{
    "average bleurt score": [
      0.2860783408085505,
      0.3335758984088898
    ],
    "rougeL score": [
      0.10914167120236828,
      0.14220743034055727
    ]
  }