{
    "average bleurt score": [
      0.2704301113883654,
      0.2606516435742378
    ],
    "rougeL score": [
      0.0,
      0.0
    ]
  }