{
    "average bleurt score": [
      0.28995338280995686,
      0.34593583196401595
    ],
    "rougeL score": [
      0.0,
      0.0
    ]
  }