{
    "average bleurt score": [
      0.5446443359057108,
      0.6337093849976857
    ],
    "rougeL score": [
      0.10476190476190478,
      0.18333333333333332
    ]
}  