{
    "average bleurt score": [
      0.44209621051947273,
      0.3460394104321798
    ],
    "rougeL score": [
      0.02666666666666667,
      0.02666666666666667
    ]
  }