{
    "average bleurt score": [
      0.4229453762372335,
      0.45780960420767464
    ],
    "rougeL score": [
      0.03333333333333333,
      0.0
    ]
  }