{
    "average bleurt score": [
      0.22532624900341033,
      0.3088272417585055
    ],
    "rougeL score": [
      0.08253968253968254,
      0.14285714285714288
    ]
  }