{
    "average bleurt score": [
      0.27466490119695663,
      0.39100248614947003
    ],
    "rougeL score": [
      0.1111111111111111,
      0.04444444444444444
    ]
  }