{
    "average bleurt score": [
      0.33120256165663403,
      0.35208047529061637
    ],
    "rougeL score": [
      0.1111111111111111,
      0.022377622377622378
    ]
  }