{
    "average bleurt score": [
      0.4918539891640345,
      0.44120327532291415
    ],
    "rougeL score": [
      0.04444444444444444,
      0.04444444444444444
    ]
  }