{
    "average bleurt score": [
      0.5648265088597934,
      0.445653635263443
    ],
    "rougeL score": [
      0.11515151515151516,
      0.12121212121212123
    ]
  }