{
    "average bleurt score": [
      0.4045912111798922,
      0.3478503992160161
    ],
    "rougeL score": [
      0.12905982905982905,
      0.05
    ]
  }