{
    "average bleurt score": [
      0.3925874263048172,
      0.41924394220113753
    ],
    "rougeL score": [
      0.27777777777777773,
      0.13333333333333333
    ]
}