{
    "average bleurt score": [
      0.37204891492923103,
      0.3969296152393023
    ],
    "rougeL score": [
      0.26666666666666666,
      0.2222222222222222
    ]
  }