{
    "average bleurt score": [
      0.3088609983523687,
      0.34854114303986233
    ],
    "rougeL score": [
      0.10582010582010581,
      0.20678707257654627
    ]
  }