{
    "average bleurt score": [
      0.3602062294880549,
      0.26832020084063213
    ],
    "rougeL score": [
      0.17555555555555555,
      0.17320574162679425
    ]
  }