{
    "average bleurt score": [
      0.2673038005828857,
      0.30137125303347906
    ],
    "rougeL score": [
      0.17162162162162165,
      0.1492063492063492
    ]
  }