{
    "average bleurt score": [
      0.2104792560140292,
      0.2065000668168068
    ],
    "rougeL score": [
      0.08571428571428572,
      0.06666666666666667
    ]
  }