{
    "average bleurt score": [
      0.2711485162377357,
      0.2561828687787056
    ],
    "rougeL score": [
      0.03278688524590164,
      0.024242424242424242
    ]
  }