{
    "average bleurt score": [
      0.2580812116463979,
      0.22215892722209293
    ],
    "rougeL score": [
      0.024074074074074074,
      0.022657952069716776
    ]
  }