{
    "average bleurt score": [
      0.33693655331929523,
      0.2680513605475426
    ],
    "rougeL score": [
      0.04814814814814815,
      0.03386243386243386
    ]
  }