{
    "average bleurt score": [
      0.234707340101401,
      0.26112493375937146
    ],
    "rougeL score": [
      0.03259259259259259,
      0.08666666666666667
    ]
  }