{
    "average bleurt score": [
      0.37731029043594994,
      0.3835180203119914
    ],
    "rougeL score": [
      0.13333333333333333,
      0.13017094017094016
    ]
  }