{
    "average bleurt score": [
      0.4823347985744476,
      0.3489720289905866
    ],
    "rougeL score": [
      0.28888888888888886,
      0.25824717765894234
    ]
  }