{
    "average bleurt score": [
      0.2750550851225853,
      0.30887696593999864
    ],
    "rougeL score": [
      0.057575757575757586,
      0.07818740399385561
    ]
  }