{
    "average bleurt score": [
      0.38420888086160027,
      0.3416415095329285
    ],
    "rougeL score": [
      0.1,
      0.12380952380952381
    ]
  }